table_id,pdf_path,page,table_path,caption
Tableau_2___Niveau_et_tendance_de_la_population_du_Sénégal_entre_1976_et_2023_p14_t1,/Users/fatousall/Documents/sun-stats/vos_rapports_rgph/RAPPORT-PRELIMINAIRE-RGPH-5_2023-.pdf,14,tables/Tableau_2___Niveau_et_tendance_de_la_population_du_Sénégal_entre_1976_et_2023_p14_t1.csv,Tableau 2  : Niveau et tendance de la population du Sénégal entre 1976 et 2023
Tableau_4__Répartition_de_la_population_résidente_par_grands_groupes_dâges_selon_le_sexe_p15_t2,/Users/fatousall/Documents/sun-stats/vos_rapports_rgph/RAPPORT-PRELIMINAIRE-RGPH-5_2023-.pdf,15,tables/Tableau_4__Répartition_de_la_population_résidente_par_grands_groupes_dâges_selon_le_sexe_p15_t2.csv,Tableau 4 : Répartition de la population résidente par grands groupes d’âges selon le sexe
RAPPORT-PRELIMINAIRE-RGPH-5_2023-_p15_t3,/Users/fatousall/Documents/sun-stats/vos_rapports_rgph/RAPPORT-PRELIMINAIRE-RGPH-5_2023-.pdf,15,tables/RAPPORT-PRELIMINAIRE-RGPH-5_2023-_p15_t3.csv,
RAPPORT-PRELIMINAIRE-RGPH-5_2023-_p16_t4,/Users/fatousall/Documents/sun-stats/vos_rapports_rgph/RAPPORT-PRELIMINAIRE-RGPH-5_2023-.pdf,16,tables/RAPPORT-PRELIMINAIRE-RGPH-5_2023-_p16_t4.csv,
RAPPORT-PRELIMINAIRE-RGPH-5_2023-_p17_t5,/Users/fatousall/Documents/sun-stats/vos_rapports_rgph/RAPPORT-PRELIMINAIRE-RGPH-5_2023-.pdf,17,tables/RAPPORT-PRELIMINAIRE-RGPH-5_2023-_p17_t5.csv,
RAPPORT-PRELIMINAIRE-RGPH-5_2023-_p18_t6,/Users/fatousall/Documents/sun-stats/vos_rapports_rgph/RAPPORT-PRELIMINAIRE-RGPH-5_2023-.pdf,18,tables/RAPPORT-PRELIMINAIRE-RGPH-5_2023-_p18_t6.csv,
RAPPORT-PRELIMINAIRE-RGPH-5_2023-_p18_t7,/Users/fatousall/Documents/sun-stats/vos_rapports_rgph/RAPPORT-PRELIMINAIRE-RGPH-5_2023-.pdf,18,tables/RAPPORT-PRELIMINAIRE-RGPH-5_2023-_p18_t7.csv,
RAPPORT-PRELIMINAIRE-RGPH-5_2023-_p19_t8,/Users/fatousall/Documents/sun-stats/vos_rapports_rgph/RAPPORT-PRELIMINAIRE-RGPH-5_2023-.pdf,19,tables/RAPPORT-PRELIMINAIRE-RGPH-5_2023-_p19_t8.csv,
RAPPORT-PRELIMINAIRE-RGPH-5_2023-_p20_t9,/Users/fatousall/Documents/sun-stats/vos_rapports_rgph/RAPPORT-PRELIMINAIRE-RGPH-5_2023-.pdf,20,tables/RAPPORT-PRELIMINAIRE-RGPH-5_2023-_p20_t9.csv,
RAPPORT-PRELIMINAIRE-RGPH-5_2023-_p1_t1,/Users/fatousall/Documents/sun-stats/vos_rapports_rgph/RAPPORT-PRELIMINAIRE-RGPH-5_2023-.pdf,1,tables/RAPPORT-PRELIMINAIRE-RGPH-5_2023-_p1_t1.csv,
RAPPORT-PRELIMINAIRE-RGPH-5_2023-_p2_t2,/Users/fatousall/Documents/sun-stats/vos_rapports_rgph/RAPPORT-PRELIMINAIRE-RGPH-5_2023-.pdf,2,tables/RAPPORT-PRELIMINAIRE-RGPH-5_2023-_p2_t2.csv,
RAPPORT-PRELIMINAIRE-RGPH-5_2023-_p3_t3,/Users/fatousall/Documents/sun-stats/vos_rapports_rgph/RAPPORT-PRELIMINAIRE-RGPH-5_2023-.pdf,3,tables/RAPPORT-PRELIMINAIRE-RGPH-5_2023-_p3_t3.csv,
RAPPORT-PRELIMINAIRE-RGPH-5_2023-_p4_t4,/Users/fatousall/Documents/sun-stats/vos_rapports_rgph/RAPPORT-PRELIMINAIRE-RGPH-5_2023-.pdf,4,tables/RAPPORT-PRELIMINAIRE-RGPH-5_2023-_p4_t4.csv,
RAPPORT-PRELIMINAIRE-RGPH-5_2023-_p5_t5,/Users/fatousall/Documents/sun-stats/vos_rapports_rgph/RAPPORT-PRELIMINAIRE-RGPH-5_2023-.pdf,5,tables/RAPPORT-PRELIMINAIRE-RGPH-5_2023-_p5_t5.csv,
RAPPORT-PRELIMINAIRE-RGPH-5_2023-_p6_t6,/Users/fatousall/Documents/sun-stats/vos_rapports_rgph/RAPPORT-PRELIMINAIRE-RGPH-5_2023-.pdf,6,tables/RAPPORT-PRELIMINAIRE-RGPH-5_2023-_p6_t6.csv,
RAPPORT-PRELIMINAIRE-RGPH-5_2023-_p6_t7,/Users/fatousall/Documents/sun-stats/vos_rapports_rgph/RAPPORT-PRELIMINAIRE-RGPH-5_2023-.pdf,6,tables/RAPPORT-PRELIMINAIRE-RGPH-5_2023-_p6_t7.csv,
RAPPORT-PRELIMINAIRE-RGPH-5_2023-_p7_t8,/Users/fatousall/Documents/sun-stats/vos_rapports_rgph/RAPPORT-PRELIMINAIRE-RGPH-5_2023-.pdf,7,tables/RAPPORT-PRELIMINAIRE-RGPH-5_2023-_p7_t8.csv,
RAPPORT-PRELIMINAIRE-RGPH-5_2023-_p8_t9,/Users/fatousall/Documents/sun-stats/vos_rapports_rgph/RAPPORT-PRELIMINAIRE-RGPH-5_2023-.pdf,8,tables/RAPPORT-PRELIMINAIRE-RGPH-5_2023-_p8_t9.csv,
RAPPORT-PRELIMINAIRE-RGPH-5_2023-_p9_t10,/Users/fatousall/Documents/sun-stats/vos_rapports_rgph/RAPPORT-PRELIMINAIRE-RGPH-5_2023-.pdf,9,tables/RAPPORT-PRELIMINAIRE-RGPH-5_2023-_p9_t10.csv,
RAPPORT-PRELIMINAIRE-RGPH-5_2023-_p10_t11,/Users/fatousall/Documents/sun-stats/vos_rapports_rgph/RAPPORT-PRELIMINAIRE-RGPH-5_2023-.pdf,10,tables/RAPPORT-PRELIMINAIRE-RGPH-5_2023-_p10_t11.csv,
RAPPORT-PRELIMINAIRE-RGPH-5_2023-_p11_t12,/Users/fatousall/Documents/sun-stats/vos_rapports_rgph/RAPPORT-PRELIMINAIRE-RGPH-5_2023-.pdf,11,tables/RAPPORT-PRELIMINAIRE-RGPH-5_2023-_p11_t12.csv,
RAPPORT-PRELIMINAIRE-RGPH-5_2023-_p11_t13,/Users/fatousall/Documents/sun-stats/vos_rapports_rgph/RAPPORT-PRELIMINAIRE-RGPH-5_2023-.pdf,11,tables/RAPPORT-PRELIMINAIRE-RGPH-5_2023-_p11_t13.csv,
RAPPORT-PRELIMINAIRE-RGPH-5_2023-_p12_t14,/Users/fatousall/Documents/sun-stats/vos_rapports_rgph/RAPPORT-PRELIMINAIRE-RGPH-5_2023-.pdf,12,tables/RAPPORT-PRELIMINAIRE-RGPH-5_2023-_p12_t14.csv,
RAPPORT-PRELIMINAIRE-RGPH-5_2023-_p13_t15,/Users/fatousall/Documents/sun-stats/vos_rapports_rgph/RAPPORT-PRELIMINAIRE-RGPH-5_2023-.pdf,13,tables/RAPPORT-PRELIMINAIRE-RGPH-5_2023-_p13_t15.csv,
RAPPORT-PRELIMINAIRE-RGPH-5_2023-_p14_t16,/Users/fatousall/Documents/sun-stats/vos_rapports_rgph/RAPPORT-PRELIMINAIRE-RGPH-5_2023-.pdf,14,tables/RAPPORT-PRELIMINAIRE-RGPH-5_2023-_p14_t16.csv,
RAPPORT-PRELIMINAIRE-RGPH-5_2023-_p15_t17,/Users/fatousall/Documents/sun-stats/vos_rapports_rgph/RAPPORT-PRELIMINAIRE-RGPH-5_2023-.pdf,15,tables/RAPPORT-PRELIMINAIRE-RGPH-5_2023-_p15_t17.csv,
RAPPORT-PRELIMINAIRE-RGPH-5_2023-_p15_t18,/Users/fatousall/Documents/sun-stats/vos_rapports_rgph/RAPPORT-PRELIMINAIRE-RGPH-5_2023-.pdf,15,tables/RAPPORT-PRELIMINAIRE-RGPH-5_2023-_p15_t18.csv,
RAPPORT-PRELIMINAIRE-RGPH-5_2023-_p15_t19,/Users/fatousall/Documents/sun-stats/vos_rapports_rgph/RAPPORT-PRELIMINAIRE-RGPH-5_2023-.pdf,15,tables/RAPPORT-PRELIMINAIRE-RGPH-5_2023-_p15_t19.csv,
RAPPORT-PRELIMINAIRE-RGPH-5_2023-_p16_t20,/Users/fatousall/Documents/sun-stats/vos_rapports_rgph/RAPPORT-PRELIMINAIRE-RGPH-5_2023-.pdf,16,tables/RAPPORT-PRELIMINAIRE-RGPH-5_2023-_p16_t20.csv,
RAPPORT-PRELIMINAIRE-RGPH-5_2023-_p17_t21,/Users/fatousall/Documents/sun-stats/vos_rapports_rgph/RAPPORT-PRELIMINAIRE-RGPH-5_2023-.pdf,17,tables/RAPPORT-PRELIMINAIRE-RGPH-5_2023-_p17_t21.csv,
RAPPORT-PRELIMINAIRE-RGPH-5_2023-_p18_t22,/Users/fatousall/Documents/sun-stats/vos_rapports_rgph/RAPPORT-PRELIMINAIRE-RGPH-5_2023-.pdf,18,tables/RAPPORT-PRELIMINAIRE-RGPH-5_2023-_p18_t22.csv,
RAPPORT-PRELIMINAIRE-RGPH-5_2023-_p19_t23,/Users/fatousall/Documents/sun-stats/vos_rapports_rgph/RAPPORT-PRELIMINAIRE-RGPH-5_2023-.pdf,19,tables/RAPPORT-PRELIMINAIRE-RGPH-5_2023-_p19_t23.csv,
RAPPORT-PRELIMINAIRE-RGPH-5_2023-_p19_t24,/Users/fatousall/Documents/sun-stats/vos_rapports_rgph/RAPPORT-PRELIMINAIRE-RGPH-5_2023-.pdf,19,tables/RAPPORT-PRELIMINAIRE-RGPH-5_2023-_p19_t24.csv,
RAPPORT-PRELIMINAIRE-RGPH-5_2023-_p20_t25,/Users/fatousall/Documents/sun-stats/vos_rapports_rgph/RAPPORT-PRELIMINAIRE-RGPH-5_2023-.pdf,20,tables/RAPPORT-PRELIMINAIRE-RGPH-5_2023-_p20_t25.csv,
RAPPORT-PRELIMINAIRE-RGPH-5_2023-_p21_t26,/Users/fatousall/Documents/sun-stats/vos_rapports_rgph/RAPPORT-PRELIMINAIRE-RGPH-5_2023-.pdf,21,tables/RAPPORT-PRELIMINAIRE-RGPH-5_2023-_p21_t26.csv,
RAPPORT-PRELIMINAIRE-RGPH-5_2023-_p22_t27,/Users/fatousall/Documents/sun-stats/vos_rapports_rgph/RAPPORT-PRELIMINAIRE-RGPH-5_2023-.pdf,22,tables/RAPPORT-PRELIMINAIRE-RGPH-5_2023-_p22_t27.csv,
Chapitre 11 - HANDICAP-Rapport-Provisoire-RGPH5_juillet2024_p8_t1,/Users/fatousall/Documents/sun-stats/vos_rapports_rgph/Chapitre 11 - HANDICAP-Rapport-Provisoire-RGPH5_juillet2024.pdf,8,tables/Chapitre 11 - HANDICAP-Rapport-Provisoire-RGPH5_juillet2024_p8_t1.csv,
Chapitre 11 - HANDICAP-Rapport-Provisoire-RGPH5_juillet2024_p9_t2,/Users/fatousall/Documents/sun-stats/vos_rapports_rgph/Chapitre 11 - HANDICAP-Rapport-Provisoire-RGPH5_juillet2024.pdf,9,tables/Chapitre 11 - HANDICAP-Rapport-Provisoire-RGPH5_juillet2024_p9_t2.csv,
Chapitre 11 - HANDICAP-Rapport-Provisoire-RGPH5_juillet2024_p14_t3,/Users/fatousall/Documents/sun-stats/vos_rapports_rgph/Chapitre 11 - HANDICAP-Rapport-Provisoire-RGPH5_juillet2024.pdf,14,tables/Chapitre 11 - HANDICAP-Rapport-Provisoire-RGPH5_juillet2024_p14_t3.csv,
Chapitre 11 - HANDICAP-Rapport-Provisoire-RGPH5_juillet2024_p15_t4,/Users/fatousall/Documents/sun-stats/vos_rapports_rgph/Chapitre 11 - HANDICAP-Rapport-Provisoire-RGPH5_juillet2024.pdf,15,tables/Chapitre 11 - HANDICAP-Rapport-Provisoire-RGPH5_juillet2024_p15_t4.csv,
Chapitre 11 - HANDICAP-Rapport-Provisoire-RGPH5_juillet2024_p16_t5,/Users/fatousall/Documents/sun-stats/vos_rapports_rgph/Chapitre 11 - HANDICAP-Rapport-Provisoire-RGPH5_juillet2024.pdf,16,tables/Chapitre 11 - HANDICAP-Rapport-Provisoire-RGPH5_juillet2024_p16_t5.csv,
Chapitre 11 - HANDICAP-Rapport-Provisoire-RGPH5_juillet2024_p17_t6,/Users/fatousall/Documents/sun-stats/vos_rapports_rgph/Chapitre 11 - HANDICAP-Rapport-Provisoire-RGPH5_juillet2024.pdf,17,tables/Chapitre 11 - HANDICAP-Rapport-Provisoire-RGPH5_juillet2024_p17_t6.csv,
Chapitre 11 - HANDICAP-Rapport-Provisoire-RGPH5_juillet2024_p17_t7,/Users/fatousall/Documents/sun-stats/vos_rapports_rgph/Chapitre 11 - HANDICAP-Rapport-Provisoire-RGPH5_juillet2024.pdf,17,tables/Chapitre 11 - HANDICAP-Rapport-Provisoire-RGPH5_juillet2024_p17_t7.csv,
Chapitre 11 - HANDICAP-Rapport-Provisoire-RGPH5_juillet2024_p18_t8,/Users/fatousall/Documents/sun-stats/vos_rapports_rgph/Chapitre 11 - HANDICAP-Rapport-Provisoire-RGPH5_juillet2024.pdf,18,tables/Chapitre 11 - HANDICAP-Rapport-Provisoire-RGPH5_juillet2024_p18_t8.csv,
Chapitre 11 - HANDICAP-Rapport-Provisoire-RGPH5_juillet2024_p19_t9,/Users/fatousall/Documents/sun-stats/vos_rapports_rgph/Chapitre 11 - HANDICAP-Rapport-Provisoire-RGPH5_juillet2024.pdf,19,tables/Chapitre 11 - HANDICAP-Rapport-Provisoire-RGPH5_juillet2024_p19_t9.csv,
Chapitre 11 - HANDICAP-Rapport-Provisoire-RGPH5_juillet2024_p20_t10,/Users/fatousall/Documents/sun-stats/vos_rapports_rgph/Chapitre 11 - HANDICAP-Rapport-Provisoire-RGPH5_juillet2024.pdf,20,tables/Chapitre 11 - HANDICAP-Rapport-Provisoire-RGPH5_juillet2024_p20_t10.csv,
Chapitre 11 - HANDICAP-Rapport-Provisoire-RGPH5_juillet2024_p21_t11,/Users/fatousall/Documents/sun-stats/vos_rapports_rgph/Chapitre 11 - HANDICAP-Rapport-Provisoire-RGPH5_juillet2024.pdf,21,tables/Chapitre 11 - HANDICAP-Rapport-Provisoire-RGPH5_juillet2024_p21_t11.csv,
Chapitre 11 - HANDICAP-Rapport-Provisoire-RGPH5_juillet2024_p22_t12,/Users/fatousall/Documents/sun-stats/vos_rapports_rgph/Chapitre 11 - HANDICAP-Rapport-Provisoire-RGPH5_juillet2024.pdf,22,tables/Chapitre 11 - HANDICAP-Rapport-Provisoire-RGPH5_juillet2024_p22_t12.csv,
Chapitre 11 - HANDICAP-Rapport-Provisoire-RGPH5_juillet2024_p22_t13,/Users/fatousall/Documents/sun-stats/vos_rapports_rgph/Chapitre 11 - HANDICAP-Rapport-Provisoire-RGPH5_juillet2024.pdf,22,tables/Chapitre 11 - HANDICAP-Rapport-Provisoire-RGPH5_juillet2024_p22_t13.csv,
Chapitre 11 - HANDICAP-Rapport-Provisoire-RGPH5_juillet2024_p23_t14,/Users/fatousall/Documents/sun-stats/vos_rapports_rgph/Chapitre 11 - HANDICAP-Rapport-Provisoire-RGPH5_juillet2024.pdf,23,tables/Chapitre 11 - HANDICAP-Rapport-Provisoire-RGPH5_juillet2024_p23_t14.csv,
Chapitre 11 - HANDICAP-Rapport-Provisoire-RGPH5_juillet2024_p24_t15,/Users/fatousall/Documents/sun-stats/vos_rapports_rgph/Chapitre 11 - HANDICAP-Rapport-Provisoire-RGPH5_juillet2024.pdf,24,tables/Chapitre 11 - HANDICAP-Rapport-Provisoire-RGPH5_juillet2024_p24_t15.csv,
Chapitre 11 - HANDICAP-Rapport-Provisoire-RGPH5_juillet2024_p25_t16,/Users/fatousall/Documents/sun-stats/vos_rapports_rgph/Chapitre 11 - HANDICAP-Rapport-Provisoire-RGPH5_juillet2024.pdf,25,tables/Chapitre 11 - HANDICAP-Rapport-Provisoire-RGPH5_juillet2024_p25_t16.csv,
Chapitre 11 - HANDICAP-Rapport-Provisoire-RGPH5_juillet2024_p25_t17,/Users/fatousall/Documents/sun-stats/vos_rapports_rgph/Chapitre 11 - HANDICAP-Rapport-Provisoire-RGPH5_juillet2024.pdf,25,tables/Chapitre 11 - HANDICAP-Rapport-Provisoire-RGPH5_juillet2024_p25_t17.csv,
Chapitre 11 - HANDICAP-Rapport-Provisoire-RGPH5_juillet2024_p26_t18,/Users/fatousall/Documents/sun-stats/vos_rapports_rgph/Chapitre 11 - HANDICAP-Rapport-Provisoire-RGPH5_juillet2024.pdf,26,tables/Chapitre 11 - HANDICAP-Rapport-Provisoire-RGPH5_juillet2024_p26_t18.csv,
Chapitre 11 - HANDICAP-Rapport-Provisoire-RGPH5_juillet2024_p26_t19,/Users/fatousall/Documents/sun-stats/vos_rapports_rgph/Chapitre 11 - HANDICAP-Rapport-Provisoire-RGPH5_juillet2024.pdf,26,tables/Chapitre 11 - HANDICAP-Rapport-Provisoire-RGPH5_juillet2024_p26_t19.csv,
Chapitre 11 - HANDICAP-Rapport-Provisoire-RGPH5_juillet2024_p27_t20,/Users/fatousall/Documents/sun-stats/vos_rapports_rgph/Chapitre 11 - HANDICAP-Rapport-Provisoire-RGPH5_juillet2024.pdf,27,tables/Chapitre 11 - HANDICAP-Rapport-Provisoire-RGPH5_juillet2024_p27_t20.csv,
Chapitre 11 - HANDICAP-Rapport-Provisoire-RGPH5_juillet2024_p28_t21,/Users/fatousall/Documents/sun-stats/vos_rapports_rgph/Chapitre 11 - HANDICAP-Rapport-Provisoire-RGPH5_juillet2024.pdf,28,tables/Chapitre 11 - HANDICAP-Rapport-Provisoire-RGPH5_juillet2024_p28_t21.csv,
Chapitre 11 - HANDICAP-Rapport-Provisoire-RGPH5_juillet2024_p29_t22,/Users/fatousall/Documents/sun-stats/vos_rapports_rgph/Chapitre 11 - HANDICAP-Rapport-Provisoire-RGPH5_juillet2024.pdf,29,tables/Chapitre 11 - HANDICAP-Rapport-Provisoire-RGPH5_juillet2024_p29_t22.csv,
Chapitre 11 - HANDICAP-Rapport-Provisoire-RGPH5_juillet2024_p29_t23,/Users/fatousall/Documents/sun-stats/vos_rapports_rgph/Chapitre 11 - HANDICAP-Rapport-Provisoire-RGPH5_juillet2024.pdf,29,tables/Chapitre 11 - HANDICAP-Rapport-Provisoire-RGPH5_juillet2024_p29_t23.csv,
Chapitre 11 - HANDICAP-Rapport-Provisoire-RGPH5_juillet2024_p31_t24,/Users/fatousall/Documents/sun-stats/vos_rapports_rgph/Chapitre 11 - HANDICAP-Rapport-Provisoire-RGPH5_juillet2024.pdf,31,tables/Chapitre 11 - HANDICAP-Rapport-Provisoire-RGPH5_juillet2024_p31_t24.csv,
Chapitre 11 - HANDICAP-Rapport-Provisoire-RGPH5_juillet2024_p1_t1,/Users/fatousall/Documents/sun-stats/vos_rapports_rgph/Chapitre 11 - HANDICAP-Rapport-Provisoire-RGPH5_juillet2024.pdf,1,tables/Chapitre 11 - HANDICAP-Rapport-Provisoire-RGPH5_juillet2024_p1_t1.csv,
Chapitre 11 - HANDICAP-Rapport-Provisoire-RGPH5_juillet2024_p2_t2,/Users/fatousall/Documents/sun-stats/vos_rapports_rgph/Chapitre 11 - HANDICAP-Rapport-Provisoire-RGPH5_juillet2024.pdf,2,tables/Chapitre 11 - HANDICAP-Rapport-Provisoire-RGPH5_juillet2024_p2_t2.csv,
Chapitre 11 - HANDICAP-Rapport-Provisoire-RGPH5_juillet2024_p3_t3,/Users/fatousall/Documents/sun-stats/vos_rapports_rgph/Chapitre 11 - HANDICAP-Rapport-Provisoire-RGPH5_juillet2024.pdf,3,tables/Chapitre 11 - HANDICAP-Rapport-Provisoire-RGPH5_juillet2024_p3_t3.csv,
Chapitre 11 - HANDICAP-Rapport-Provisoire-RGPH5_juillet2024_p3_t4,/Users/fatousall/Documents/sun-stats/vos_rapports_rgph/Chapitre 11 - HANDICAP-Rapport-Provisoire-RGPH5_juillet2024.pdf,3,tables/Chapitre 11 - HANDICAP-Rapport-Provisoire-RGPH5_juillet2024_p3_t4.csv,
Chapitre 11 - HANDICAP-Rapport-Provisoire-RGPH5_juillet2024_p3_t5,/Users/fatousall/Documents/sun-stats/vos_rapports_rgph/Chapitre 11 - HANDICAP-Rapport-Provisoire-RGPH5_juillet2024.pdf,3,tables/Chapitre 11 - HANDICAP-Rapport-Provisoire-RGPH5_juillet2024_p3_t5.csv,
Chapitre 11 - HANDICAP-Rapport-Provisoire-RGPH5_juillet2024_p4_t6,/Users/fatousall/Documents/sun-stats/vos_rapports_rgph/Chapitre 11 - HANDICAP-Rapport-Provisoire-RGPH5_juillet2024.pdf,4,tables/Chapitre 11 - HANDICAP-Rapport-Provisoire-RGPH5_juillet2024_p4_t6.csv,
Chapitre 11 - HANDICAP-Rapport-Provisoire-RGPH5_juillet2024_p4_t7,/Users/fatousall/Documents/sun-stats/vos_rapports_rgph/Chapitre 11 - HANDICAP-Rapport-Provisoire-RGPH5_juillet2024.pdf,4,tables/Chapitre 11 - HANDICAP-Rapport-Provisoire-RGPH5_juillet2024_p4_t7.csv,
Chapitre 11 - HANDICAP-Rapport-Provisoire-RGPH5_juillet2024_p5_t8,/Users/fatousall/Documents/sun-stats/vos_rapports_rgph/Chapitre 11 - HANDICAP-Rapport-Provisoire-RGPH5_juillet2024.pdf,5,tables/Chapitre 11 - HANDICAP-Rapport-Provisoire-RGPH5_juillet2024_p5_t8.csv,
Chapitre 11 - HANDICAP-Rapport-Provisoire-RGPH5_juillet2024_p6_t9,/Users/fatousall/Documents/sun-stats/vos_rapports_rgph/Chapitre 11 - HANDICAP-Rapport-Provisoire-RGPH5_juillet2024.pdf,6,tables/Chapitre 11 - HANDICAP-Rapport-Provisoire-RGPH5_juillet2024_p6_t9.csv,
Chapitre 11 - HANDICAP-Rapport-Provisoire-RGPH5_juillet2024_p7_t10,/Users/fatousall/Documents/sun-stats/vos_rapports_rgph/Chapitre 11 - HANDICAP-Rapport-Provisoire-RGPH5_juillet2024.pdf,7,tables/Chapitre 11 - HANDICAP-Rapport-Provisoire-RGPH5_juillet2024_p7_t10.csv,
Chapitre 11 - HANDICAP-Rapport-Provisoire-RGPH5_juillet2024_p8_t11,/Users/fatousall/Documents/sun-stats/vos_rapports_rgph/Chapitre 11 - HANDICAP-Rapport-Provisoire-RGPH5_juillet2024.pdf,8,tables/Chapitre 11 - HANDICAP-Rapport-Provisoire-RGPH5_juillet2024_p8_t11.csv,
Chapitre 11 - HANDICAP-Rapport-Provisoire-RGPH5_juillet2024_p9_t12,/Users/fatousall/Documents/sun-stats/vos_rapports_rgph/Chapitre 11 - HANDICAP-Rapport-Provisoire-RGPH5_juillet2024.pdf,9,tables/Chapitre 11 - HANDICAP-Rapport-Provisoire-RGPH5_juillet2024_p9_t12.csv,
Chapitre 11 - HANDICAP-Rapport-Provisoire-RGPH5_juillet2024_p10_t13,/Users/fatousall/Documents/sun-stats/vos_rapports_rgph/Chapitre 11 - HANDICAP-Rapport-Provisoire-RGPH5_juillet2024.pdf,10,tables/Chapitre 11 - HANDICAP-Rapport-Provisoire-RGPH5_juillet2024_p10_t13.csv,
Chapitre 11 - HANDICAP-Rapport-Provisoire-RGPH5_juillet2024_p10_t14,/Users/fatousall/Documents/sun-stats/vos_rapports_rgph/Chapitre 11 - HANDICAP-Rapport-Provisoire-RGPH5_juillet2024.pdf,10,tables/Chapitre 11 - HANDICAP-Rapport-Provisoire-RGPH5_juillet2024_p10_t14.csv,
Chapitre 11 - HANDICAP-Rapport-Provisoire-RGPH5_juillet2024_p11_t15,/Users/fatousall/Documents/sun-stats/vos_rapports_rgph/Chapitre 11 - HANDICAP-Rapport-Provisoire-RGPH5_juillet2024.pdf,11,tables/Chapitre 11 - HANDICAP-Rapport-Provisoire-RGPH5_juillet2024_p11_t15.csv,
Chapitre 11 - HANDICAP-Rapport-Provisoire-RGPH5_juillet2024_p12_t16,/Users/fatousall/Documents/sun-stats/vos_rapports_rgph/Chapitre 11 - HANDICAP-Rapport-Provisoire-RGPH5_juillet2024.pdf,12,tables/Chapitre 11 - HANDICAP-Rapport-Provisoire-RGPH5_juillet2024_p12_t16.csv,
Chapitre 11 - HANDICAP-Rapport-Provisoire-RGPH5_juillet2024_p13_t17,/Users/fatousall/Documents/sun-stats/vos_rapports_rgph/Chapitre 11 - HANDICAP-Rapport-Provisoire-RGPH5_juillet2024.pdf,13,tables/Chapitre 11 - HANDICAP-Rapport-Provisoire-RGPH5_juillet2024_p13_t17.csv,
Chapitre 11 - HANDICAP-Rapport-Provisoire-RGPH5_juillet2024_p14_t18,/Users/fatousall/Documents/sun-stats/vos_rapports_rgph/Chapitre 11 - HANDICAP-Rapport-Provisoire-RGPH5_juillet2024.pdf,14,tables/Chapitre 11 - HANDICAP-Rapport-Provisoire-RGPH5_juillet2024_p14_t18.csv,
Chapitre 11 - HANDICAP-Rapport-Provisoire-RGPH5_juillet2024_p14_t19,/Users/fatousall/Documents/sun-stats/vos_rapports_rgph/Chapitre 11 - HANDICAP-Rapport-Provisoire-RGPH5_juillet2024.pdf,14,tables/Chapitre 11 - HANDICAP-Rapport-Provisoire-RGPH5_juillet2024_p14_t19.csv,
Chapitre 11 - HANDICAP-Rapport-Provisoire-RGPH5_juillet2024_p15_t20,/Users/fatousall/Documents/sun-stats/vos_rapports_rgph/Chapitre 11 - HANDICAP-Rapport-Provisoire-RGPH5_juillet2024.pdf,15,tables/Chapitre 11 - HANDICAP-Rapport-Provisoire-RGPH5_juillet2024_p15_t20.csv,
Chapitre 11 - HANDICAP-Rapport-Provisoire-RGPH5_juillet2024_p15_t21,/Users/fatousall/Documents/sun-stats/vos_rapports_rgph/Chapitre 11 - HANDICAP-Rapport-Provisoire-RGPH5_juillet2024.pdf,15,tables/Chapitre 11 - HANDICAP-Rapport-Provisoire-RGPH5_juillet2024_p15_t21.csv,
Chapitre 11 - HANDICAP-Rapport-Provisoire-RGPH5_juillet2024_p16_t22,/Users/fatousall/Documents/sun-stats/vos_rapports_rgph/Chapitre 11 - HANDICAP-Rapport-Provisoire-RGPH5_juillet2024.pdf,16,tables/Chapitre 11 - HANDICAP-Rapport-Provisoire-RGPH5_juillet2024_p16_t22.csv,
Chapitre 11 - HANDICAP-Rapport-Provisoire-RGPH5_juillet2024_p17_t23,/Users/fatousall/Documents/sun-stats/vos_rapports_rgph/Chapitre 11 - HANDICAP-Rapport-Provisoire-RGPH5_juillet2024.pdf,17,tables/Chapitre 11 - HANDICAP-Rapport-Provisoire-RGPH5_juillet2024_p17_t23.csv,
Chapitre 11 - HANDICAP-Rapport-Provisoire-RGPH5_juillet2024_p17_t24,/Users/fatousall/Documents/sun-stats/vos_rapports_rgph/Chapitre 11 - HANDICAP-Rapport-Provisoire-RGPH5_juillet2024.pdf,17,tables/Chapitre 11 - HANDICAP-Rapport-Provisoire-RGPH5_juillet2024_p17_t24.csv,
Chapitre 11 - HANDICAP-Rapport-Provisoire-RGPH5_juillet2024_p18_t25,/Users/fatousall/Documents/sun-stats/vos_rapports_rgph/Chapitre 11 - HANDICAP-Rapport-Provisoire-RGPH5_juillet2024.pdf,18,tables/Chapitre 11 - HANDICAP-Rapport-Provisoire-RGPH5_juillet2024_p18_t25.csv,
Chapitre 11 - HANDICAP-Rapport-Provisoire-RGPH5_juillet2024_p18_t26,/Users/fatousall/Documents/sun-stats/vos_rapports_rgph/Chapitre 11 - HANDICAP-Rapport-Provisoire-RGPH5_juillet2024.pdf,18,tables/Chapitre 11 - HANDICAP-Rapport-Provisoire-RGPH5_juillet2024_p18_t26.csv,
Chapitre 11 - HANDICAP-Rapport-Provisoire-RGPH5_juillet2024_p19_t27,/Users/fatousall/Documents/sun-stats/vos_rapports_rgph/Chapitre 11 - HANDICAP-Rapport-Provisoire-RGPH5_juillet2024.pdf,19,tables/Chapitre 11 - HANDICAP-Rapport-Provisoire-RGPH5_juillet2024_p19_t27.csv,
Chapitre 11 - HANDICAP-Rapport-Provisoire-RGPH5_juillet2024_p20_t28,/Users/fatousall/Documents/sun-stats/vos_rapports_rgph/Chapitre 11 - HANDICAP-Rapport-Provisoire-RGPH5_juillet2024.pdf,20,tables/Chapitre 11 - HANDICAP-Rapport-Provisoire-RGPH5_juillet2024_p20_t28.csv,
Chapitre 11 - HANDICAP-Rapport-Provisoire-RGPH5_juillet2024_p20_t29,/Users/fatousall/Documents/sun-stats/vos_rapports_rgph/Chapitre 11 - HANDICAP-Rapport-Provisoire-RGPH5_juillet2024.pdf,20,tables/Chapitre 11 - HANDICAP-Rapport-Provisoire-RGPH5_juillet2024_p20_t29.csv,
Chapitre 11 - HANDICAP-Rapport-Provisoire-RGPH5_juillet2024_p21_t30,/Users/fatousall/Documents/sun-stats/vos_rapports_rgph/Chapitre 11 - HANDICAP-Rapport-Provisoire-RGPH5_juillet2024.pdf,21,tables/Chapitre 11 - HANDICAP-Rapport-Provisoire-RGPH5_juillet2024_p21_t30.csv,
Chapitre 11 - HANDICAP-Rapport-Provisoire-RGPH5_juillet2024_p22_t31,/Users/fatousall/Documents/sun-stats/vos_rapports_rgph/Chapitre 11 - HANDICAP-Rapport-Provisoire-RGPH5_juillet2024.pdf,22,tables/Chapitre 11 - HANDICAP-Rapport-Provisoire-RGPH5_juillet2024_p22_t31.csv,
Chapitre 11 - HANDICAP-Rapport-Provisoire-RGPH5_juillet2024_p22_t32,/Users/fatousall/Documents/sun-stats/vos_rapports_rgph/Chapitre 11 - HANDICAP-Rapport-Provisoire-RGPH5_juillet2024.pdf,22,tables/Chapitre 11 - HANDICAP-Rapport-Provisoire-RGPH5_juillet2024_p22_t32.csv,
Chapitre 11 - HANDICAP-Rapport-Provisoire-RGPH5_juillet2024_p23_t33,/Users/fatousall/Documents/sun-stats/vos_rapports_rgph/Chapitre 11 - HANDICAP-Rapport-Provisoire-RGPH5_juillet2024.pdf,23,tables/Chapitre 11 - HANDICAP-Rapport-Provisoire-RGPH5_juillet2024_p23_t33.csv,
Chapitre 11 - HANDICAP-Rapport-Provisoire-RGPH5_juillet2024_p24_t34,/Users/fatousall/Documents/sun-stats/vos_rapports_rgph/Chapitre 11 - HANDICAP-Rapport-Provisoire-RGPH5_juillet2024.pdf,24,tables/Chapitre 11 - HANDICAP-Rapport-Provisoire-RGPH5_juillet2024_p24_t34.csv,
Chapitre 11 - HANDICAP-Rapport-Provisoire-RGPH5_juillet2024_p25_t35,/Users/fatousall/Documents/sun-stats/vos_rapports_rgph/Chapitre 11 - HANDICAP-Rapport-Provisoire-RGPH5_juillet2024.pdf,25,tables/Chapitre 11 - HANDICAP-Rapport-Provisoire-RGPH5_juillet2024_p25_t35.csv,
Chapitre 11 - HANDICAP-Rapport-Provisoire-RGPH5_juillet2024_p25_t36,/Users/fatousall/Documents/sun-stats/vos_rapports_rgph/Chapitre 11 - HANDICAP-Rapport-Provisoire-RGPH5_juillet2024.pdf,25,tables/Chapitre 11 - HANDICAP-Rapport-Provisoire-RGPH5_juillet2024_p25_t36.csv,
Chapitre 11 - HANDICAP-Rapport-Provisoire-RGPH5_juillet2024_p26_t37,/Users/fatousall/Documents/sun-stats/vos_rapports_rgph/Chapitre 11 - HANDICAP-Rapport-Provisoire-RGPH5_juillet2024.pdf,26,tables/Chapitre 11 - HANDICAP-Rapport-Provisoire-RGPH5_juillet2024_p26_t37.csv,
Chapitre 11 - HANDICAP-Rapport-Provisoire-RGPH5_juillet2024_p26_t38,/Users/fatousall/Documents/sun-stats/vos_rapports_rgph/Chapitre 11 - HANDICAP-Rapport-Provisoire-RGPH5_juillet2024.pdf,26,tables/Chapitre 11 - HANDICAP-Rapport-Provisoire-RGPH5_juillet2024_p26_t38.csv,
Chapitre 11 - HANDICAP-Rapport-Provisoire-RGPH5_juillet2024_p27_t39,/Users/fatousall/Documents/sun-stats/vos_rapports_rgph/Chapitre 11 - HANDICAP-Rapport-Provisoire-RGPH5_juillet2024.pdf,27,tables/Chapitre 11 - HANDICAP-Rapport-Provisoire-RGPH5_juillet2024_p27_t39.csv,
Chapitre 11 - HANDICAP-Rapport-Provisoire-RGPH5_juillet2024_p27_t40,/Users/fatousall/Documents/sun-stats/vos_rapports_rgph/Chapitre 11 - HANDICAP-Rapport-Provisoire-RGPH5_juillet2024.pdf,27,tables/Chapitre 11 - HANDICAP-Rapport-Provisoire-RGPH5_juillet2024_p27_t40.csv,
Chapitre 11 - HANDICAP-Rapport-Provisoire-RGPH5_juillet2024_p28_t41,/Users/fatousall/Documents/sun-stats/vos_rapports_rgph/Chapitre 11 - HANDICAP-Rapport-Provisoire-RGPH5_juillet2024.pdf,28,tables/Chapitre 11 - HANDICAP-Rapport-Provisoire-RGPH5_juillet2024_p28_t41.csv,
Chapitre 11 - HANDICAP-Rapport-Provisoire-RGPH5_juillet2024_p28_t42,/Users/fatousall/Documents/sun-stats/vos_rapports_rgph/Chapitre 11 - HANDICAP-Rapport-Provisoire-RGPH5_juillet2024.pdf,28,tables/Chapitre 11 - HANDICAP-Rapport-Provisoire-RGPH5_juillet2024_p28_t42.csv,
Chapitre 11 - HANDICAP-Rapport-Provisoire-RGPH5_juillet2024_p29_t43,/Users/fatousall/Documents/sun-stats/vos_rapports_rgph/Chapitre 11 - HANDICAP-Rapport-Provisoire-RGPH5_juillet2024.pdf,29,tables/Chapitre 11 - HANDICAP-Rapport-Provisoire-RGPH5_juillet2024_p29_t43.csv,
Chapitre 11 - HANDICAP-Rapport-Provisoire-RGPH5_juillet2024_p30_t44,/Users/fatousall/Documents/sun-stats/vos_rapports_rgph/Chapitre 11 - HANDICAP-Rapport-Provisoire-RGPH5_juillet2024.pdf,30,tables/Chapitre 11 - HANDICAP-Rapport-Provisoire-RGPH5_juillet2024_p30_t44.csv,
Chapitre 11 - HANDICAP-Rapport-Provisoire-RGPH5_juillet2024_p31_t45,/Users/fatousall/Documents/sun-stats/vos_rapports_rgph/Chapitre 11 - HANDICAP-Rapport-Provisoire-RGPH5_juillet2024.pdf,31,tables/Chapitre 11 - HANDICAP-Rapport-Provisoire-RGPH5_juillet2024_p31_t45.csv,
Chapitre 8- HABITAT-Rapport-Provisoire-RGPH5_juillet2024_p8_t1,/Users/fatousall/Documents/sun-stats/vos_rapports_rgph/Chapitre 8- HABITAT-Rapport-Provisoire-RGPH5_juillet2024.pdf,8,tables/Chapitre 8- HABITAT-Rapport-Provisoire-RGPH5_juillet2024_p8_t1.csv,
Chapitre 8- HABITAT-Rapport-Provisoire-RGPH5_juillet2024_p14_t2,/Users/fatousall/Documents/sun-stats/vos_rapports_rgph/Chapitre 8- HABITAT-Rapport-Provisoire-RGPH5_juillet2024.pdf,14,tables/Chapitre 8- HABITAT-Rapport-Provisoire-RGPH5_juillet2024_p14_t2.csv,
Chapitre 8- HABITAT-Rapport-Provisoire-RGPH5_juillet2024_p15_t3,/Users/fatousall/Documents/sun-stats/vos_rapports_rgph/Chapitre 8- HABITAT-Rapport-Provisoire-RGPH5_juillet2024.pdf,15,tables/Chapitre 8- HABITAT-Rapport-Provisoire-RGPH5_juillet2024_p15_t3.csv,
Chapitre 8- HABITAT-Rapport-Provisoire-RGPH5_juillet2024_p16_t4,/Users/fatousall/Documents/sun-stats/vos_rapports_rgph/Chapitre 8- HABITAT-Rapport-Provisoire-RGPH5_juillet2024.pdf,16,tables/Chapitre 8- HABITAT-Rapport-Provisoire-RGPH5_juillet2024_p16_t4.csv,
Chapitre 8- HABITAT-Rapport-Provisoire-RGPH5_juillet2024_p17_t5,/Users/fatousall/Documents/sun-stats/vos_rapports_rgph/Chapitre 8- HABITAT-Rapport-Provisoire-RGPH5_juillet2024.pdf,17,tables/Chapitre 8- HABITAT-Rapport-Provisoire-RGPH5_juillet2024_p17_t5.csv,
Chapitre 8- HABITAT-Rapport-Provisoire-RGPH5_juillet2024_p18_t6,/Users/fatousall/Documents/sun-stats/vos_rapports_rgph/Chapitre 8- HABITAT-Rapport-Provisoire-RGPH5_juillet2024.pdf,18,tables/Chapitre 8- HABITAT-Rapport-Provisoire-RGPH5_juillet2024_p18_t6.csv,
Chapitre 8- HABITAT-Rapport-Provisoire-RGPH5_juillet2024_p19_t7,/Users/fatousall/Documents/sun-stats/vos_rapports_rgph/Chapitre 8- HABITAT-Rapport-Provisoire-RGPH5_juillet2024.pdf,19,tables/Chapitre 8- HABITAT-Rapport-Provisoire-RGPH5_juillet2024_p19_t7.csv,
Chapitre 8- HABITAT-Rapport-Provisoire-RGPH5_juillet2024_p19_t8,/Users/fatousall/Documents/sun-stats/vos_rapports_rgph/Chapitre 8- HABITAT-Rapport-Provisoire-RGPH5_juillet2024.pdf,19,tables/Chapitre 8- HABITAT-Rapport-Provisoire-RGPH5_juillet2024_p19_t8.csv,
Chapitre 8- HABITAT-Rapport-Provisoire-RGPH5_juillet2024_p20_t9,/Users/fatousall/Documents/sun-stats/vos_rapports_rgph/Chapitre 8- HABITAT-Rapport-Provisoire-RGPH5_juillet2024.pdf,20,tables/Chapitre 8- HABITAT-Rapport-Provisoire-RGPH5_juillet2024_p20_t9.csv,
Chapitre 8- HABITAT-Rapport-Provisoire-RGPH5_juillet2024_p21_t10,/Users/fatousall/Documents/sun-stats/vos_rapports_rgph/Chapitre 8- HABITAT-Rapport-Provisoire-RGPH5_juillet2024.pdf,21,tables/Chapitre 8- HABITAT-Rapport-Provisoire-RGPH5_juillet2024_p21_t10.csv,
Chapitre 8- HABITAT-Rapport-Provisoire-RGPH5_juillet2024_p22_t11,/Users/fatousall/Documents/sun-stats/vos_rapports_rgph/Chapitre 8- HABITAT-Rapport-Provisoire-RGPH5_juillet2024.pdf,22,tables/Chapitre 8- HABITAT-Rapport-Provisoire-RGPH5_juillet2024_p22_t11.csv,
Chapitre 8- HABITAT-Rapport-Provisoire-RGPH5_juillet2024_p23_t12,/Users/fatousall/Documents/sun-stats/vos_rapports_rgph/Chapitre 8- HABITAT-Rapport-Provisoire-RGPH5_juillet2024.pdf,23,tables/Chapitre 8- HABITAT-Rapport-Provisoire-RGPH5_juillet2024_p23_t12.csv,
Chapitre 8- HABITAT-Rapport-Provisoire-RGPH5_juillet2024_p24_t13,/Users/fatousall/Documents/sun-stats/vos_rapports_rgph/Chapitre 8- HABITAT-Rapport-Provisoire-RGPH5_juillet2024.pdf,24,tables/Chapitre 8- HABITAT-Rapport-Provisoire-RGPH5_juillet2024_p24_t13.csv,
Chapitre 8- HABITAT-Rapport-Provisoire-RGPH5_juillet2024_p25_t14,/Users/fatousall/Documents/sun-stats/vos_rapports_rgph/Chapitre 8- HABITAT-Rapport-Provisoire-RGPH5_juillet2024.pdf,25,tables/Chapitre 8- HABITAT-Rapport-Provisoire-RGPH5_juillet2024_p25_t14.csv,
Chapitre 8- HABITAT-Rapport-Provisoire-RGPH5_juillet2024_p26_t15,/Users/fatousall/Documents/sun-stats/vos_rapports_rgph/Chapitre 8- HABITAT-Rapport-Provisoire-RGPH5_juillet2024.pdf,26,tables/Chapitre 8- HABITAT-Rapport-Provisoire-RGPH5_juillet2024_p26_t15.csv,
Chapitre 8- HABITAT-Rapport-Provisoire-RGPH5_juillet2024_p26_t16,/Users/fatousall/Documents/sun-stats/vos_rapports_rgph/Chapitre 8- HABITAT-Rapport-Provisoire-RGPH5_juillet2024.pdf,26,tables/Chapitre 8- HABITAT-Rapport-Provisoire-RGPH5_juillet2024_p26_t16.csv,
Chapitre 8- HABITAT-Rapport-Provisoire-RGPH5_juillet2024_p28_t17,/Users/fatousall/Documents/sun-stats/vos_rapports_rgph/Chapitre 8- HABITAT-Rapport-Provisoire-RGPH5_juillet2024.pdf,28,tables/Chapitre 8- HABITAT-Rapport-Provisoire-RGPH5_juillet2024_p28_t17.csv,
Chapitre 8- HABITAT-Rapport-Provisoire-RGPH5_juillet2024_p29_t18,/Users/fatousall/Documents/sun-stats/vos_rapports_rgph/Chapitre 8- HABITAT-Rapport-Provisoire-RGPH5_juillet2024.pdf,29,tables/Chapitre 8- HABITAT-Rapport-Provisoire-RGPH5_juillet2024_p29_t18.csv,
Chapitre 8- HABITAT-Rapport-Provisoire-RGPH5_juillet2024_p30_t19,/Users/fatousall/Documents/sun-stats/vos_rapports_rgph/Chapitre 8- HABITAT-Rapport-Provisoire-RGPH5_juillet2024.pdf,30,tables/Chapitre 8- HABITAT-Rapport-Provisoire-RGPH5_juillet2024_p30_t19.csv,
Chapitre 8- HABITAT-Rapport-Provisoire-RGPH5_juillet2024_p31_t20,/Users/fatousall/Documents/sun-stats/vos_rapports_rgph/Chapitre 8- HABITAT-Rapport-Provisoire-RGPH5_juillet2024.pdf,31,tables/Chapitre 8- HABITAT-Rapport-Provisoire-RGPH5_juillet2024_p31_t20.csv,
Chapitre 8- HABITAT-Rapport-Provisoire-RGPH5_juillet2024_p32_t21,/Users/fatousall/Documents/sun-stats/vos_rapports_rgph/Chapitre 8- HABITAT-Rapport-Provisoire-RGPH5_juillet2024.pdf,32,tables/Chapitre 8- HABITAT-Rapport-Provisoire-RGPH5_juillet2024_p32_t21.csv,
Chapitre 8- HABITAT-Rapport-Provisoire-RGPH5_juillet2024_p33_t22,/Users/fatousall/Documents/sun-stats/vos_rapports_rgph/Chapitre 8- HABITAT-Rapport-Provisoire-RGPH5_juillet2024.pdf,33,tables/Chapitre 8- HABITAT-Rapport-Provisoire-RGPH5_juillet2024_p33_t22.csv,
Chapitre 8- HABITAT-Rapport-Provisoire-RGPH5_juillet2024_p33_t23,/Users/fatousall/Documents/sun-stats/vos_rapports_rgph/Chapitre 8- HABITAT-Rapport-Provisoire-RGPH5_juillet2024.pdf,33,tables/Chapitre 8- HABITAT-Rapport-Provisoire-RGPH5_juillet2024_p33_t23.csv,
Chapitre 8- HABITAT-Rapport-Provisoire-RGPH5_juillet2024_p35_t24,/Users/fatousall/Documents/sun-stats/vos_rapports_rgph/Chapitre 8- HABITAT-Rapport-Provisoire-RGPH5_juillet2024.pdf,35,tables/Chapitre 8- HABITAT-Rapport-Provisoire-RGPH5_juillet2024_p35_t24.csv,
Chapitre 8- HABITAT-Rapport-Provisoire-RGPH5_juillet2024_p36_t25,/Users/fatousall/Documents/sun-stats/vos_rapports_rgph/Chapitre 8- HABITAT-Rapport-Provisoire-RGPH5_juillet2024.pdf,36,tables/Chapitre 8- HABITAT-Rapport-Provisoire-RGPH5_juillet2024_p36_t25.csv,
